EPIC 201170410.02,1.15
EPIC 201238110 b,4.16
EPIC 201427007 b,2.86
EPIC 201497682 b,0.26
EPIC 201595106 b,2.24
EPIC 201615463 c,1.98
EPIC 201754305 d,1.08
EPIC 201757695.02,0.688
EPIC 201833600 c,0.972
EPIC 201841433 b,1.12
EPIC 205950854 c,2.27
EPIC 206024342 b,3.53
EPIC 206024342 c,2.54
EPIC 206024342 d,7.27
EPIC 206032309 b,1.01
EPIC 206042996 b,3.53
EPIC 206042996 c,1.87
EPIC 206215704 b,0.972
EPIC 206317286 b,0.84
EPIC 206317286 c,5.03
EPIC 211822797 b,4.35
EPIC 212297394 b,2.79
EPIC 212297394 c,5.77
EPIC 212424622 b,5.35
EPIC 212499991 b,3.19
EPIC 212587672 b,2.13
EPIC 212587672 c,5.99
EPIC 212624936 b,1.87
EPIC 212624936 c,5.9
EPIC 212737443 b,7.2
EPIC 212737443 c,7.7
EPIC 220492298 b,0.937
EPIC 220554210 c,3.19
EPIC 228836835 b,1.37
HD 108236 b,3.24
HD 108236 c,4.94
HD 108236 d,6.98
HD 108236 e,9.71
HD 108236 f,4.72
HD 109833 b,8.69
HD 109833 c,7.22
HD 15906 b,5.65
HD 15906 c,8.91
HD 235088 b,4.84
HD 56414 b,13.3
HD 63433 b,5.27
HD 63433 c,7.61
HIP 113103 b,4
HIP 113103 c,6.35
HIP 41378 b,6.83
HIP 41378 c,7.08
HIP 41378 d,14.9
HIP 41378 e,26
HIP 41378 f,74
HIP 67522 b,72.4
HR 858 b,5
HR 858 c,4.42
HR 858 d,5.32
K2-101 b,4.66
K2-102 b,2.24
K2-104 b,3.86
K2-11 b,44.4
K2-116 b,0.257
K2-117 b,4.78
K2-117 c,4.9
K2-118 b,6.99
K2-119 b,6.94
K2-120 b,4.7
K2-121 b,44.1
K2-122 b,1.65
K2-123 b,8.05
K2-124 b,8.75
K2-125 b,5.39
K2-126 b,4.54
K2-127 b,52.9
K2-128 b,2.6
K2-129 b,1.12
K2-13 b,4.23
K2-130 b,2.1
K2-133 b,2.36
K2-133 c,3.2
K2-133 d,4.67
K2-133 e,3.64
K2-14 b,20.7
K2-147 b,0.315
K2-148 b,2.33
K2-148 c,3.64
K2-148 d,3.33
K2-149 b,3.33
K2-15 b,6.71
K2-150 b,4.66
K2-151 b,2.83
K2-152 b,5.86
K2-153 b,4.66
K2-154 b,4.62
K2-154 c,4.94
K2-155 b,3.89
K2-155 c,7.27
K2-155 d,4.27
K2-156 b,1.37
K2-157 b,0.972
K2-158 b,7.46
K2-158 c,2.18
K2-159 b,5.73
K2-16 b,4.74
K2-16 c,6.99
K2-160 b,10.2
K2-161 b,31.1
K2-162 b,2.67
K2-163 b,6.65
K2-164 b,10.6
K2-165 b,2.17
K2-165 c,3.03
K2-165 d,7.5
K2-166 b,5.43
K2-168 b,4.12
K2-169 b,2.16
K2-17 b,5.6
K2-170 b,2.6
K2-170 c,3.9
K2-171 b,7.69
K2-172 b,3.42
K2-172 c,10.4
K2-173 b,3.22
K2-174 b,7.27
K2-175 b,4.81
K2-176 b,2.83
K2-177 b,5.13
K2-178 b,12.4
K2-179 b,6.86
K2-181 b,8.45
K2-183 b,1.37
K2-183 c,5.9
K2-183 d,5.9
K2-184 b,2.76
K2-185 b,1.6
K2-185 c,6.3
K2-186 b,10.2
K2-187 b,1.87
K2-187 c,2.54
K2-187 d,6.35
K2-187 e,4.27
K2-188 b,2.39
K2-188 c,8.4
K2-189 b,2.92
K2-189 c,6.8
K2-190 b,2.41
K2-190 c,1.34
K2-191 b,3.12
K2-192 b,2.92
K2-193 b,14.8
K2-194 b,12.9
K2-195 b,9.96
K2-195 c,7.16
K2-196 b,12.6
K2-197 b,7.08
K2-198 b,16.3
K2-198 c,2.61
K2-198 d,6.52
K2-200 b,2.43
K2-201 b,2.54
K2-201 c,10.8
K2-202 b,5.91
K2-203 b,2.45
K2-204 b,9.51
K2-205 b,4.64
K2-206 b,8.22
K2-207 b,7.3
K2-208 b,3.46
K2-209 b,0.586
K2-21 b,4.04
K2-21 c,6.76
K2-210 b,0.566
K2-211 b,2.24
K2-212 b,7.51
K2-213 b,2.9
K2-214 b,6.48
K2-215 b,5.16
K2-217 b,12.5
K2-218 b,7.13
K2-219 b,2.38
K2-219 c,2.66
K2-219 d,7.16
K2-220 b,6.3
K2-221 b,3.46
K2-223 b,0.64
K2-223 c,2.86
K2-224 b,3.05
K2-224 c,6.39
K2-225 b,12
K2-226 b,2.99
K2-227 b,3.41
K2-228 b,1.92
K2-230 b,4.5
K2-231 b,6.8
K2-239 b,1.37
K2-239 c,0.972
K2-239 d,1.37
K2-240 b,4.66
K2-240 c,3.89
K2-241 b,7.04
K2-242 b,6.99
K2-243 b,5.35
K2-243 c,4.7
K2-244 b,3.71
K2-245 b,17.4
K2-246 b,12
K2-247 b,5.14
K2-247 c,5.43
K2-248 b,7.13
K2-249 b,8.2
K2-250 b,6.53
K2-251 b,6.12
K2-252 b,3.68
K2-254 b,3.29
K2-254 c,5.43
K2-255 b,8.75
K2-256 b,7.41
K2-257 b,0.498
K2-258 b,9.27
K2-259 b,5.99
K2-26 b,7.61
K2-264 b,5.61
K2-264 c,7.6
K2-268 b,2.86
K2-268 c,7.7
K2-268 d,2.83
K2-268 e,2.33
K2-268 f,5.6
K2-269 b,3.09
K2-270 b,2.48
K2-270 c,9.01
K2-271 b,41.8
K2-272 b,9.96
K2-273 b,9.53
K2-274 b,4.98
K2-275 b,6.08
K2-275 c,5.52
K2-276 b,13.7
K2-277 b,4.94
K2-278 b,9.17
K2-279 b,1.92
K2-28 b,5.99
K2-281 b,50.9
K2-282 b,6.8
K2-283 b,12.2
K2-284 b,8.15
K2-286 b,5.06
K2-288 B b,4.27
K2-289 b,61
K2-293 b,6.57
K2-294 b,3.39
K2-308 b,70.6
K2-315 b,0.809
K2-316 b,2.33
K2-316 c,4.01
K2-317 b,8.91
K2-318 b,3.39
K2-319 b,8.2
K2-320 b,7.37
K2-321 b,4.46
K2-322 b,4.35
K2-323 b,5.06
K2-324 b,6.48
K2-325 b,5.48
K2-326 b,5.82
K2-330 b,8.1
K2-331 b,3.86
K2-331 c,7.85
K2-332 b,5.48
K2-333 b,31.6
K2-334 b,27.2
K2-335 b,5.52
K2-336 b,1.98
K2-337 b,7.37
K2-338 b,1.08
K2-339 b,4.35
K2-340 b,11.2
K2-341 b,10.4
K2-342 b,4.78
K2-343 b,3.36
K2-343 c,4.74
K2-344 b,3.15
K2-345 b,5.1
K2-346 b,5.73
K2-347 b,6.39
K2-348 b,10.7
K2-348 c,7.61
K2-349 b,2.48
K2-35 b,2.3
K2-35 c,4.38
K2-350 b,2.99
K2-350 c,7.95
K2-351 b,6.99
K2-352 b,2.45
K2-352 c,4.35
K2-352 d,5.6
K2-353 b,26.3
K2-354 b,3.05
K2-355 b,5.69
K2-356 b,5.86
K2-357 b,13.4
K2-358 b,7.65
K2-365 b,8.78
K2-366 b,6.16
K2-367 b,6.41
K2-368 b,2.34
K2-368 c,2.42
K2-368 d,4.45
K2-369 b,2.28
K2-37 b,3.22
K2-37 c,8
K2-37 d,7.9
K2-370 b,10.4
K2-372 b,8.98
K2-373 b,4.9
K2-374 b,3.16
K2-374 c,5.53
K2-375 b,5.66
K2-376 b,3.66
K2-377 b,3.51
K2-378 b,8.65
K2-379 b,5.4
K2-380 b,7.89
K2-381 b,1.26
K2-381 c,4.66
K2-381 d,3.5
K2-382 b,4.95
K2-383 b,3.07
K2-384 b,1.26
K2-384 c,1.82
K2-384 d,2.52
K2-384 e,2.37
K2-384 f,5.57
K2-385 b,2.98
K2-386 b,5.99
K2-387 b,42.2
K2-388 b,13
K2-389 b,5.41
K2-389 c,4.82
K2-390 b,19.6
K2-391 b,2.45
K2-392 b,4.08
K2-393 b,6.13
K2-394 b,3.51
K2-395 b,7.26
K2-395 c,11.4
K2-396 b,3.12
K2-396 c,9.93
K2-397 b,6.42
K2-398 b,5.79
K2-398 c,22.8
K2-399 b,30.5
K2-4 b,5.06
K2-400 b,1.67
K2-401 b,5.74
K2-402 b,7.65
K2-403 b,24.6
K2-404 b,6.94
K2-405 b,18.9
K2-406 b,19.2
K2-407 b,2.19
K2-407 c,2.42
K2-408 b,3.45
K2-409 b,6.72
K2-411 b,0.937
K2-412 b,5.13
K2-413 b,0.363
K2-413 c,2.05
K2-414 b,1.98
K2-414 c,4.38
K2-42 b,5.27
K2-43 b,18.5
K2-43 c,6.44
K2-44 b,6.5
K2-45 b,36.4
K2-46 b,4.86
K2-47 b,4.23
K2-48 b,5.65
K2-49 b,4.38
K2-5 b,4.31
K2-5 c,5.73
K2-50 b,3.15
K2-52 b,45700
K2-53 b,7.27
K2-54 b,1.6
K2-55 b,14
K2-57 b,5.06
K2-58 b,7.65
K2-58 c,3.26
K2-58 d,3.57
K2-59 b,6.39
K2-59 c,5.9
K2-6 b,6.8
K2-61 b,6.71
K2-62 b,5.22
K2-62 c,5.22
K2-63 b,10.5
K2-63 c,14.5
K2-64 b,4.94
K2-65 b,3.12
K2-68 b,3.12
K2-69 b,5.99
K2-7 b,7.61
K2-70 b,8.7
K2-71 b,5.27
K2-72 b,1.28
K2-72 c,1.65
K2-72 d,1.01
K2-72 e,2.21
K2-73 b,6.57
K2-74 b,5.95
K2-75 b,7.61
K2-75 c,8.1
K2-8 b,12.5
K2-8 c,6.39
K2-80 b,4.7
K2-80 c,2.76
K2-80 d,7.04
K2-81 b,4.54
K2-83 b,2.08
K2-83 c,2.8
K2-84 b,6.39
K2-84 c,4.78
K2-85 b,1.87
K2-86 b,4.5
K2-87 b,44.9
K2-88 b,2.04
K2-89 b,0.17
K2-9 b,5.69
K2-90 b,7.27
K2-90 c,2.24
K2-91 b,1.37
K2-95 b,11
KIC 10525077 b,25.9
KIC 3558849 b,38.1
KIC 5437945 b,33.6
KIC 5951458 b,35.4
KIC 8540376 b,15.8
KIC 8540376 c,6.35
KIC 9663113 b,19.2
KOI-351 b,2.27
KOI-351 c,1.81
KOI-351 d,8.6
KOI-351 e,7.56
KOI-351 f,8.65
KOI-7368 b,5.56
KOI-7913 b,6.08
KOI-984 b,17.1
Kepler-1000 b,20.3
Kepler-1001 b,10.1
Kepler-1001 c,3.11
Kepler-1002 b,3.57
Kepler-1003 b,3.82
Kepler-1004 b,32.5
Kepler-1005 b,2.86
Kepler-1006 b,2.99
Kepler-1007 b,2.67
Kepler-1008 b,2.18
Kepler-1009 b,5.35
Kepler-1010 b,5.99
Kepler-1011 b,8.6
Kepler-1012 b,2.21
Kepler-1013 b,5.27
Kepler-1014 b,6.3
Kepler-1015 b,12.3
Kepler-1016 b,5.39
Kepler-1016 c,13.1
Kepler-1017 b,4.62
Kepler-1018 b,7.18
Kepler-1019 b,2.73
Kepler-1020 b,5.82
Kepler-1021 b,6.04
Kepler-1022 b,6.17
Kepler-1023 b,7.41
Kepler-1024 b,14.5
Kepler-1025 b,4.58
Kepler-1026 b,5.52
Kepler-1027 b,0.64
Kepler-1028 b,2.33
Kepler-1029 b,2.13
Kepler-1030 b,6.71
Kepler-1031 b,0.59
Kepler-1032 b,4.16
Kepler-1033 b,6.85
Kepler-1034 b,5.73
Kepler-1035 b,1.71
Kepler-1036 b,9.32
Kepler-1037 b,2.18
Kepler-1038 b,12.2
Kepler-1038 c,2.59
Kepler-1039 b,2.73
Kepler-104 c,9.96
Kepler-104 d,12.5
Kepler-1040 b,4.98
Kepler-1041 b,8.96
Kepler-1042 b,5.43
Kepler-1043 b,7.04
Kepler-1044 b,7.61
Kepler-1045 b,7.7
Kepler-1046 b,3.57
Kepler-1047 b,5.02
Kepler-1047 c,0.937
Kepler-1048 b,3.22
Kepler-1049 b,0.809
Kepler-1050 b,3.19
Kepler-1050 c,2.79
Kepler-1051 b,11.5
Kepler-1052 b,8.91
Kepler-1052 c,5.9
Kepler-1053 b,0.904
Kepler-1054 b,7.41
Kepler-1055 b,2.04
Kepler-1056 b,9.32
Kepler-1057 b,11.2
Kepler-1058 b,7.85
Kepler-1059 b,3.64
Kepler-1060 b,6.26
Kepler-1061 b,4.58
Kepler-1062 b,3.75
Kepler-1063 b,2.83
Kepler-1064 b,3.02
Kepler-1065 b,13.4
Kepler-1065 c,3.19
Kepler-1066 b,6.17
Kepler-1067 b,0.437
Kepler-1067 c,3.7
Kepler-1068 b,12.8
Kepler-1069 b,3.19
Kepler-1070 b,3.64
Kepler-1071 b,6.26
Kepler-1072 b,3.12
Kepler-1073 b,5.9
Kepler-1073 c,3.33
Kepler-1073 d,2.82
Kepler-1074 b,2.1
Kepler-1075 b,2.6
Kepler-1076 b,0.437
Kepler-1077 b,8.1
Kepler-1078 b,4.27
Kepler-1079 b,3.29
Kepler-108 b,56
Kepler-108 c,50.9
Kepler-1080 b,10.8
Kepler-1081 b,1.01
Kepler-1082 b,1.46
Kepler-1083 b,11.2
Kepler-1084 b,1.41
Kepler-1085 b,41.2
Kepler-1085 c,10.7
Kepler-1086 b,6.53
Kepler-1086 c,8.96
Kepler-1087 b,0.165
Kepler-1088 b,2.6
Kepler-1089 b,4.01
Kepler-1090 b,5.69
Kepler-1090 c,10.9
Kepler-1091 b,2.73
Kepler-1092 b,4.94
Kepler-1093 b,4.46
Kepler-1093 c,4.5
Kepler-1094 b,10.2
Kepler-1095 b,1.92
Kepler-1096 b,2.07
Kepler-1097 b,10.7
Kepler-1098 b,2.24
Kepler-1099 b,8.4
Kepler-110 b,4.01
Kepler-110 c,5.52
Kepler-1100 b,3.71
Kepler-1101 b,6.66
Kepler-1102 b,7.56
Kepler-1103 b,5.77
Kepler-1104 b,2.04
Kepler-1105 b,4.7
Kepler-1106 b,3.36
Kepler-1107 b,2.36
Kepler-1108 b,2.73
Kepler-1109 b,5.43
Kepler-111 b,3.12
Kepler-111 c,42
Kepler-1110 b,7.56
Kepler-1111 b,4.66
Kepler-1112 b,9.38
Kepler-1113 b,8.3
Kepler-1114 b,2.39
Kepler-1115 b,3.53
Kepler-1116 b,6.99
Kepler-1117 b,1.41
Kepler-1118 b,7.95
Kepler-1119 b,4.35
Kepler-112 b,6.17
Kepler-112 c,6.35
Kepler-1120 b,2.48
Kepler-1121 b,4.31
Kepler-1122 b,4.82
Kepler-1123 b,3.43
Kepler-1124 b,2.18
Kepler-1125 b,4.04
Kepler-1126 b,3.64
Kepler-1126 c,2.7
Kepler-1127 b,4.5
Kepler-1128 b,12.9
Kepler-1129 b,9.06
Kepler-1129 c,7.9
Kepler-1130 b,0.437
Kepler-1130 c,0.422
Kepler-1130 d,0.202
Kepler-1131 b,3.15
Kepler-1132 b,6.12
Kepler-1133 b,4.54
Kepler-1134 b,7.46
Kepler-1135 b,4.08
Kepler-1136 b,3.33
Kepler-1137 b,5.48
Kepler-1138 b,3.53
Kepler-1139 b,1.81
Kepler-1140 b,8.1
Kepler-1141 b,0.477
Kepler-1142 b,2.76
Kepler-1143 b,3.43
Kepler-1143 c,12.6
Kepler-1144 b,4.62
Kepler-1145 b,2.54
Kepler-1146 b,2.04
Kepler-1147 b,7.32
Kepler-1148 b,3.5
Kepler-1149 b,2.67
Kepler-115 b,1.32
Kepler-115 c,7.27
Kepler-1150 b,1.04
Kepler-1151 b,5.56
Kepler-1152 b,0.59
Kepler-1153 b,3.64
Kepler-1154 b,6.08
Kepler-1154 c,6.17
Kepler-1155 b,4.78
Kepler-1156 b,2.3
Kepler-1157 b,1.32
Kepler-1158 b,6.08
Kepler-1159 b,6.21
Kepler-116 b,11.6
Kepler-116 c,5.9
Kepler-1160 b,5.22
Kepler-1161 b,5.18
Kepler-1162 b,5.52
Kepler-1162 c,3.93
Kepler-1163 b,1.08
Kepler-1164 b,1.46
Kepler-1165 b,3.02
Kepler-1165 c,11.2
Kepler-1166 b,3.5
Kepler-1167 b,3.57
Kepler-1168 b,6.8
Kepler-1169 b,0.779
Kepler-1170 b,6.39
Kepler-1171 b,7.08
Kepler-1172 b,10.3
Kepler-1173 b,0.64
Kepler-1174 b,3.15
Kepler-1175 b,9.22
Kepler-1176 b,6.57
Kepler-1177 b,4.27
Kepler-1178 b,1.24
Kepler-1179 b,2.3
Kepler-118 b,4.5
Kepler-118 c,45.7
Kepler-1180 b,4.62
Kepler-1181 b,3.09
Kepler-1181 c,4.01
Kepler-1182 b,6.39
Kepler-1183 b,8.35
Kepler-1184 b,7.65
Kepler-1185 b,2.33
Kepler-1186 b,5.6
Kepler-1187 b,7.32
Kepler-1188 b,4.98
Kepler-1189 b,3.78
Kepler-119 b,12.6
Kepler-119 c,0.721
Kepler-1190 b,2.33
Kepler-1191 b,2.89
Kepler-1192 b,6.17
Kepler-1193 b,2.3
Kepler-1194 b,2.89
Kepler-1195 b,4.98
Kepler-1196 b,5.6
Kepler-1197 b,2.1
Kepler-1198 b,2.76
Kepler-1199 b,1.6
Kepler-120 c,2.96
Kepler-1200 b,1.2
Kepler-1201 b,5.86
Kepler-1202 b,8.96
Kepler-1203 b,1.2
Kepler-1204 b,9.53
Kepler-1205 b,2.57
Kepler-1206 b,3.33
Kepler-1207 b,3.26
Kepler-1208 b,5.99
Kepler-1209 b,2.89
Kepler-121 b,6.08
Kepler-121 c,5.77
Kepler-1210 b,3.53
Kepler-1211 b,7.04
Kepler-1212 b,5.22
Kepler-1213 b,1.81
Kepler-1214 b,6.17
Kepler-1215 b,1.98
Kepler-1216 b,2.51
Kepler-1217 b,4.62
Kepler-1218 b,2.67
Kepler-1219 b,5.14
Kepler-122 b,6.08
Kepler-122 c,29
Kepler-122 d,5.48
Kepler-1220 b,2.92
Kepler-1221 b,4.19
Kepler-1222 b,0.418
Kepler-1223 b,1.98
Kepler-1224 b,2.33
Kepler-1225 b,3.97
Kepler-1226 b,2.7
Kepler-1227 b,5.86
Kepler-1228 b,2.99
Kepler-1229 b,2.54
Kepler-123 c,2.79
Kepler-1230 b,7.8
Kepler-1231 b,2.6
Kepler-1232 b,4.38
Kepler-1233 b,7.27
Kepler-1234 b,8.3
Kepler-1235 b,0.418
Kepler-1236 b,5.22
Kepler-1237 b,8.55
Kepler-1238 b,4.38
Kepler-1239 b,8.75
Kepler-124 b,0.315
Kepler-124 c,3.71
Kepler-124 d,1.41
Kepler-1240 b,1.6
Kepler-1241 b,7.41
Kepler-1242 b,5.73
Kepler-1243 b,3.71
Kepler-1244 b,2.39
Kepler-1245 b,2.67
Kepler-1245 c,2.67
Kepler-1246 b,2.42
Kepler-1247 b,6.04
Kepler-1248 b,1.76
Kepler-1249 b,6.26
Kepler-125 b,6.21
Kepler-125 c,0.33
Kepler-1250 b,4.35
Kepler-1251 b,4.04
Kepler-1252 b,3.43
Kepler-1253 b,2.33
Kepler-1254 b,3.02
Kepler-1254 c,2.24
Kepler-1254 d,2.27
Kepler-1255 b,5.99
Kepler-1256 b,2.83
Kepler-1257 b,2.92
Kepler-1258 b,0.566
Kepler-1259 b,2.63
Kepler-126 b,2.92
Kepler-126 c,3.12
Kepler-126 d,6.8
Kepler-1260 b,3.78
Kepler-1261 b,5.73
Kepler-1262 b,3.97
Kepler-1263 b,1.55
Kepler-1264 b,1.76
Kepler-1265 b,2.39
Kepler-1266 b,7.18
Kepler-1266 c,3.46
Kepler-1267 b,9.32
Kepler-1268 b,4.78
Kepler-1269 b,3.29
Kepler-127 b,2.54
Kepler-127 c,7.56
Kepler-127 d,7.46
Kepler-1270 b,11
Kepler-1271 b,2.79
Kepler-1272 b,6.21
Kepler-1273 b,6.76
Kepler-1274 b,2.6
Kepler-1275 b,2.79
Kepler-1276 b,1.81
Kepler-1277 b,3.19
Kepler-1278 b,1.01
Kepler-1279 b,3.71
Kepler-1280 b,4.16
Kepler-1281 b,3.33
Kepler-1282 b,3.02
Kepler-1283 b,4.31
Kepler-1284 b,1.92
Kepler-1285 b,0.871
Kepler-1286 b,5.27
Kepler-1287 b,2.99
Kepler-1288 b,1.46
Kepler-1289 b,2.92
Kepler-1290 b,2.6
Kepler-1291 b,3.39
Kepler-1292 b,3.97
Kepler-1293 b,0.871
Kepler-1294 b,10.3
Kepler-1295 b,3.02
Kepler-1296 b,0.693
Kepler-1297 b,0.871
Kepler-1298 b,2.27
Kepler-1299 b,9.17
Kepler-130 b,1.04
Kepler-130 c,8.75
Kepler-130 d,3.33
Kepler-1300 b,2.45
Kepler-1301 b,2.54
Kepler-1302 b,2.63
Kepler-1303 b,2.6
Kepler-1304 b,5.86
Kepler-1305 b,4.19
Kepler-1306 b,4.31
Kepler-1307 b,6.66
Kepler-1308 b,0.0933
Kepler-1309 b,6.21
Kepler-1310 b,2.67
Kepler-1311 b,2.07
Kepler-1311 c,1.98
Kepler-1311 d,67.5
Kepler-1312 b,5.06
Kepler-1312 c,1.07
Kepler-1313 b,3.75
Kepler-1314 b,22.9
Kepler-1315 b,2.48
Kepler-1315 c,4.06
Kepler-1316 b,12.3
Kepler-1317 b,3.05
Kepler-1318 b,9.85
Kepler-1319 b,2.36
Kepler-132 b,1.92
Kepler-132 c,2.18
Kepler-132 d,3.02
Kepler-132 e,1.76
Kepler-1320 b,3.53
Kepler-1321 b,21.5
Kepler-1321 c,6.35
Kepler-1321 d,7.41
Kepler-1322 b,3.22
Kepler-1322 c,5.29
Kepler-1323 b,2.92
Kepler-1324 b,2.89
Kepler-1325 b,8.55
Kepler-1326 b,16.3
Kepler-1327 b,3.89
Kepler-1328 b,0.904
Kepler-1329 b,5.35
Kepler-133 b,3.75
Kepler-133 c,8.45
Kepler-1330 b,3.36
Kepler-1331 b,1.16
Kepler-1332 b,2.45
Kepler-1333 b,8.3
Kepler-1334 b,5.86
Kepler-1335 b,2.7
Kepler-1336 b,4.58
Kepler-1336 c,3.57
Kepler-1337 b,6.39
Kepler-1338 b,0.721
Kepler-1339 b,0.285
Kepler-134 b,4.66
Kepler-134 c,2.13
Kepler-1340 b,3.02
Kepler-1341 b,9.22
Kepler-1342 b,3.39
Kepler-1343 b,4.38
Kepler-1344 b,4.04
Kepler-1345 b,6.17
Kepler-1346 b,3.12
Kepler-1347 b,1.08
Kepler-1348 b,4.42
Kepler-1349 b,0.271
Kepler-135 b,3.93
Kepler-135 c,1.65
Kepler-1350 b,6.9
Kepler-1350 c,3.64
Kepler-1351 b,0.208
Kepler-1352 b,0.64
Kepler-1353 b,3.89
Kepler-1354 b,9.11
Kepler-1355 b,2.73
Kepler-1356 b,2.96
Kepler-1357 b,2.18
Kepler-1358 b,1.46
Kepler-1359 b,8.4
Kepler-136 c,4.62
Kepler-1360 b,11.5
Kepler-1361 b,0.566
Kepler-1362 b,7.27
Kepler-1363 b,2.1
Kepler-1364 b,5.27
Kepler-1365 b,0.721
Kepler-1365 c,0.437
Kepler-1366 b,2.63
Kepler-1367 b,0.721
Kepler-1368 b,3.36
Kepler-1369 b,7.7
Kepler-137 b,2.76
Kepler-137 c,4.19
Kepler-1370 b,4.04
Kepler-1370 c,2.15
Kepler-1371 b,0.315
Kepler-1371 c,0.196
Kepler-1372 b,2.15
Kepler-1373 b,1.65
Kepler-1374 b,5.86
Kepler-1375 b,3.68
Kepler-1376 b,1.16
Kepler-1377 b,2.1
Kepler-1378 b,5.48
Kepler-1379 b,2.24
Kepler-1380 b,2.63
Kepler-1381 b,5.69
Kepler-1382 b,4.19
Kepler-1383 b,2.57
Kepler-1384 b,4.42
Kepler-1385 b,0.543
Kepler-1386 b,2.07
Kepler-1387 b,0.749
Kepler-1388 b,7.22
Kepler-1388 c,5.73
Kepler-1388 d,8.55
Kepler-1388 e,6.62
Kepler-1389 b,3.78
Kepler-139 b,8.96
Kepler-139 c,11.4
Kepler-1390 b,1.76
Kepler-1391 b,3.46
Kepler-1392 b,4.5
Kepler-1393 b,0.437
Kepler-1394 b,2.51
Kepler-1395 b,0.437
Kepler-1396 b,4.94
Kepler-1397 b,3.61
Kepler-1398 b,0.666
Kepler-1398 c,1.08
Kepler-1399 b,2.1
Kepler-140 b,3.22
Kepler-140 c,3.89
Kepler-1400 b,3.26
Kepler-1401 b,3.46
Kepler-1402 b,0.363
Kepler-1403 b,5.22
Kepler-1404 b,4.7
Kepler-1405 b,14.9
Kepler-1406 b,1.37
Kepler-1407 b,5.69
Kepler-1408 b,0.64
Kepler-1409 b,1.12
Kepler-141 b,0.257
Kepler-141 c,2.57
Kepler-1410 b,3.82
Kepler-1411 b,8.35
Kepler-1412 b,0.498
Kepler-1413 b,3.97
Kepler-1414 b,2.04
Kepler-1415 b,2.21
Kepler-1416 b,0.615
Kepler-1417 b,0.972
Kepler-1418 b,3.39
Kepler-1419 b,8.55
Kepler-142 b,4.62
Kepler-142 c,8.55
Kepler-142 d,5.31
Kepler-1420 b,2.18
Kepler-1421 b,0.749
Kepler-1422 b,4.74
Kepler-1423 b,1.2
Kepler-1424 b,1.65
Kepler-1425 b,0.779
Kepler-1426 b,3.05
Kepler-1427 b,1.37
Kepler-1428 b,3.33
Kepler-1429 b,2.21
Kepler-143 b,6.39
Kepler-143 c,11.3
Kepler-1430 b,1.76
Kepler-1431 b,2.76
Kepler-1432 b,5.56
Kepler-1433 b,3.05
Kepler-1434 b,1.41
Kepler-1435 b,0.566
Kepler-1436 b,2.27
Kepler-1437 b,2.45
Kepler-1438 b,0.779
Kepler-1439 b,2.73
Kepler-144 b,2.33
Kepler-144 c,2.39
Kepler-1440 b,2.13
Kepler-1441 b,2.27
Kepler-1442 b,14.7
Kepler-1443 b,0.871
Kepler-1444 b,5.39
Kepler-1445 b,0.84
Kepler-1446 b,0.477
Kepler-1447 b,8.75
Kepler-1448 b,3.22
Kepler-1449 b,3.46
Kepler-1450 b,3.57
Kepler-1451 b,11.2
Kepler-1452 b,7.75
Kepler-1453 b,7.61
Kepler-1454 b,4.19
Kepler-1455 b,5.31
Kepler-1456 b,1.55
Kepler-1457 b,4.62
Kepler-1458 b,8.05
Kepler-1459 b,2.42
Kepler-146 b,13.3
Kepler-146 c,9.96
Kepler-1460 b,4.5
Kepler-1461 b,4.78
Kepler-1462 b,14
Kepler-1463 b,4.12
Kepler-1464 b,3.39
Kepler-1464 c,0.972
Kepler-1465 b,3.78
Kepler-1466 b,3.02
Kepler-1467 b,10.9
Kepler-1468 b,3.64
Kepler-1468 c,1.6
Kepler-1468 d,11.1
Kepler-1469 b,8.25
Kepler-147 b,2.96
Kepler-147 c,6.48
Kepler-1470 b,1.24
Kepler-1471 b,2.57
Kepler-1471 c,4.19
Kepler-1472 b,4.27
Kepler-1473 b,1.81
Kepler-1474 b,5.31
Kepler-1475 b,8.85
Kepler-1476 b,3.43
Kepler-1477 b,1.76
Kepler-1478 b,3.64
Kepler-1479 b,4.01
Kepler-148 b,3.89
Kepler-148 c,12.6
Kepler-148 d,56.3
Kepler-1480 b,3.43
Kepler-1481 b,2.04
Kepler-1482 b,1.01
Kepler-1483 b,2.92
Kepler-1484 b,5.1
Kepler-1485 b,2.76
Kepler-1486 b,5.99
Kepler-1487 b,5.18
Kepler-1487 c,48.7
Kepler-1488 b,4.12
Kepler-1488 c,3.37
Kepler-1489 b,3.78
Kepler-149 b,16.5
Kepler-149 c,3.22
Kepler-149 d,14.9
Kepler-1490 b,9.48
Kepler-1491 b,2.89
Kepler-1491 c,6.53
Kepler-1492 b,2.83
Kepler-1493 b,2.57
Kepler-1494 b,9.64
Kepler-1495 b,8.96
Kepler-1496 b,5.56
Kepler-1497 b,3.39
Kepler-1498 b,2.33
Kepler-1499 b,1.81
Kepler-150 b,2.1
Kepler-150 c,13.2
Kepler-150 d,8.2
Kepler-150 e,9.91
Kepler-150 f,12.9
Kepler-1500 b,1.87
Kepler-1501 b,3.05
Kepler-1502 b,10.2
Kepler-1503 b,5.77
Kepler-1504 b,5.18
Kepler-1505 b,0.749
Kepler-1506 b,2.3
Kepler-1507 b,0.52
Kepler-1508 b,2.33
Kepler-1509 b,4.08
Kepler-151 b,9.59
Kepler-151 c,5.02
Kepler-1510 b,11.2
Kepler-1511 b,3.46
Kepler-1512 b,1.76
Kepler-1513 b,53.9
Kepler-1514 c,1.74
Kepler-1515 b,66.2
Kepler-1516 b,3.71
Kepler-1517 b,68.7
Kepler-1518 b,9.53
Kepler-1518 c,8.75
Kepler-1519 b,39.6
Kepler-152 b,8.2
Kepler-152 c,6.3
Kepler-1520 b,28.1
Kepler-1521 b,6.8
Kepler-1522 b,3.64
Kepler-1523 b,3.12
Kepler-1524 b,12.3
Kepler-1525 b,0.693
Kepler-1526 b,6.48
Kepler-1527 b,20.4
Kepler-1528 b,2.73
Kepler-1529 b,5.06
Kepler-153 b,8.85
Kepler-153 c,6.94
Kepler-1530 b,3.33
Kepler-1530 c,3.36
Kepler-1530 d,10.8
Kepler-1531 b,1.41
Kepler-1532 b,2.39
Kepler-1533 b,11.8
Kepler-1534 b,4.23
Kepler-1535 b,7.04
Kepler-1536 b,10
Kepler-1537 b,1.76
Kepler-1538 b,8.35
Kepler-1539 b,7.75
Kepler-154 b,5.73
Kepler-154 c,9.01
Kepler-154 d,14.1
Kepler-154 e,2.86
Kepler-154 f,2.86
Kepler-1540 b,6.76
Kepler-1541 b,1.65
Kepler-1542 b,0.363
Kepler-1542 c,0.208
Kepler-1542 d,0.59
Kepler-1542 e,0.363
Kepler-1543 b,7.8
Kepler-1544 b,3.82
Kepler-1545 b,7.75
Kepler-1546 b,9.96
Kepler-1547 b,0.666
Kepler-1548 b,7.46
Kepler-1549 b,7.13
Kepler-155 b,5.02
Kepler-155 c,5.65
Kepler-1550 b,9.38
Kepler-1551 b,7.56
Kepler-1552 b,6.66
Kepler-1553 b,1.6
Kepler-1554 b,8.75
Kepler-1555 b,3.22
Kepler-1556 b,4.5
Kepler-1557 b,2.96
Kepler-1558 b,0.244
Kepler-1559 b,0.299
Kepler-156 b,5.9
Kepler-156 c,7.04
Kepler-1560 b,0.64
Kepler-1561 b,1.32
Kepler-1562 b,12.3
Kepler-1563 b,0.347
Kepler-1564 b,2.76
Kepler-1565 b,1.81
Kepler-1566 b,0.418
Kepler-1567 b,7.9
Kepler-1568 b,2.24
Kepler-1569 b,3.46
Kepler-157 b,2.3
Kepler-157 c,5.65
Kepler-157 d,2.73
Kepler-1570 b,1.24
Kepler-1571 b,2.92
Kepler-1572 b,0.779
Kepler-1573 b,1.87
Kepler-1574 b,2.21
Kepler-1575 b,2.27
Kepler-1576 b,1.12
Kepler-1577 b,1.51
Kepler-1578 b,1.12
Kepler-1579 b,0.52
Kepler-158 b,5.14
Kepler-158 c,4.27
Kepler-1580 b,5.1
Kepler-1581 b,0.437
Kepler-1582 b,2.83
Kepler-1583 b,0.156
Kepler-1584 b,3.22
Kepler-1585 b,3.86
Kepler-1586 b,2.92
Kepler-1587 b,2.33
Kepler-1588 b,0.363
Kepler-1589 b,1.32
Kepler-159 b,6.26
Kepler-159 c,11.5
Kepler-1590 b,1.55
Kepler-1591 b,2.15
Kepler-1592 b,2.99
Kepler-1593 b,10.2
Kepler-1594 b,1.2
Kepler-1595 b,2.04
Kepler-1596 b,4.27
Kepler-1597 b,1.2
Kepler-1598 b,0.809
Kepler-1599 b,3.26
Kepler-160 b,3.59
Kepler-160 c,13.6
Kepler-1600 b,9.96
Kepler-1600 c,4.43
Kepler-1601 b,0.477
Kepler-1602 b,2.36
Kepler-1603 b,2.21
Kepler-1604 b,2.57
Kepler-1605 b,1.28
Kepler-1606 b,4.94
Kepler-1607 b,0.721
Kepler-1608 b,3.64
Kepler-1609 b,5.56
Kepler-1610 b,3.22
Kepler-1610 c,5.02
Kepler-1611 b,0.457
Kepler-1612 b,1.08
Kepler-1613 b,4.98
Kepler-1614 b,2.83
Kepler-1615 b,4.9
Kepler-1616 b,1.04
Kepler-1617 b,1.87
Kepler-1618 b,2.13
Kepler-1619 b,0.363
Kepler-162 b,2.13
Kepler-162 c,9.43
Kepler-1620 b,3.22
Kepler-1621 b,5.31
Kepler-1622 b,2.76
Kepler-1623 b,2.27
Kepler-1624 b,27.6
Kepler-1625 b,30.6
Kepler-1626 b,4.74
Kepler-1627 b,13.2
Kepler-1628 b,33.8
Kepler-1629 b,0.381
Kepler-163 b,1.16
Kepler-163 c,5.73
Kepler-1630 b,5.43
Kepler-1631 b,2.39
Kepler-1632 b,6.66
Kepler-1633 b,3.12
Kepler-1634 b,10.3
Kepler-1635 b,12.9
Kepler-1636 b,10.5
Kepler-1637 b,0.64
Kepler-1638 b,4.16
Kepler-1639 b,7.18
Kepler-164 b,2.57
Kepler-164 c,7.9
Kepler-164 d,6.57
Kepler-164 e,16.7
Kepler-1640 b,20.7
Kepler-1641 b,9.85
Kepler-1641 c,9.01
Kepler-1642 b,10.3
Kepler-1642 c,7.56
Kepler-1643 b,5.99
Kepler-1644 b,4.19
Kepler-1645 b,3.82
Kepler-1646 b,2.04
Kepler-1649 b,1.03
Kepler-1649 c,1.2
Kepler-165 b,5.99
Kepler-165 c,5.6
Kepler-1650 b,0.84
Kepler-1651 b,4.04
Kepler-1652 b,3.19
Kepler-1653 b,5.35
Kepler-166 b,5.77
Kepler-166 c,6.26
Kepler-166 d,3.64
Kepler-1663 b,10.9
Kepler-1664 b,9.45
Kepler-1665 b,8.44
Kepler-1666 b,8.66
Kepler-1666 c,10.5
Kepler-1667 b,9.19
Kepler-1668 b,17.4
Kepler-1669 b,8.15
Kepler-1669 c,4.27
Kepler-1669 d,1.98
Kepler-167 b,3.6
Kepler-167 c,3.44
Kepler-167 d,2.06
Kepler-1670 b,11.2
Kepler-1671 b,2.32
Kepler-1672 b,9.11
Kepler-1673 b,8.93
Kepler-1674 b,10.4
Kepler-1675 b,9.93
Kepler-1676 b,11.3
Kepler-1677 b,7.76
Kepler-1678 b,10.9
Kepler-1679 b,4.93
Kepler-168 b,2.73
Kepler-168 c,7.7
Kepler-1680 b,2.42
Kepler-1681 b,7.05
Kepler-1682 b,8.7
Kepler-1683 b,4.17
Kepler-1684 b,8.6
Kepler-1685 b,7.16
Kepler-1686 b,2.62
Kepler-1687 b,3.38
Kepler-1688 b,2.13
Kepler-1689 b,0.799
Kepler-169 b,1.51
Kepler-169 c,1.92
Kepler-169 d,2.1
Kepler-169 e,5.48
Kepler-169 f,7.18
Kepler-1690 b,8.3
Kepler-1691 b,4.02
Kepler-1692 b,1.42
Kepler-1693 b,2.21
Kepler-1693 c,0.894
Kepler-1694 b,1.76
Kepler-1695 b,1.46
Kepler-1696 b,8.29
Kepler-1697 b,2.12
Kepler-1698 b,1.25
Kepler-1699 b,3.08
Kepler-170 c,8.55
Kepler-1700 b,8.76
Kepler-1701 b,5.57
Kepler-1702 b,3.2
Kepler-1709 b,9.93
Kepler-171 b,6.08
Kepler-171 c,7.08
Kepler-171 d,4.23
Kepler-1710 b,10.3
Kepler-1711 b,4.36
Kepler-1712 b,5.83
Kepler-1713 b,3.59
Kepler-1714 b,10.7
Kepler-1715 b,16
Kepler-1716 b,6.46
Kepler-1717 b,9.21
Kepler-1718 b,7.12
Kepler-1719 b,14.8
Kepler-172 b,6.12
Kepler-172 c,8.55
Kepler-172 d,5.69
Kepler-172 e,8.05
Kepler-1720 b,10.4
Kepler-1721 b,9.9
Kepler-1722 b,8.58
Kepler-1723 b,8.65
Kepler-1724 b,8.43
Kepler-1725 b,8.31
Kepler-1726 b,6.84
Kepler-1727 b,10.2
Kepler-1728 b,9.04
Kepler-1729 b,14.4
Kepler-173 b,2.21
Kepler-173 c,6.48
Kepler-1730 b,18.4
Kepler-1731 b,8.92
Kepler-1732 b,15.7
Kepler-1733 b,12.8
Kepler-1734 b,9.74
Kepler-1735 b,1.84
Kepler-1736 b,14.3
Kepler-1737 b,25.1
Kepler-1738 b,8.37
Kepler-1739 b,6.48
Kepler-174 b,4.5
Kepler-174 c,2.83
Kepler-174 d,5.43
Kepler-1740 b,11
Kepler-1741 b,2.16
Kepler-1742 b,5.38
Kepler-1743 b,3.18
Kepler-1744 b,13.6
Kepler-1745 b,4.38
Kepler-1746 b,59.1
Kepler-1747 b,16.8
Kepler-1748 b,7.81
Kepler-1749 b,3.23
Kepler-175 b,7.08
Kepler-175 c,9.8
Kepler-1750 b,30.1
Kepler-1751 b,3.98
Kepler-1752 b,18.7
Kepler-1753 b,5.59
Kepler-1754 b,6.53
Kepler-1755 b,29.4
Kepler-1756 b,2.77
Kepler-1757 b,8.99
Kepler-1758 b,7.13
Kepler-1759 b,0.676
Kepler-176 b,2.63
Kepler-176 e,2.7
Kepler-1760 b,5.86
Kepler-1761 b,2.51
Kepler-1762 b,8.05
Kepler-1763 b,1.59
Kepler-1764 b,18.8
Kepler-1765 b,6.78
Kepler-1766 b,5.81
Kepler-1767 b,9.34
Kepler-1768 b,5.62
Kepler-1769 b,18.2
Kepler-1770 b,8.45
Kepler-1771 b,15.5
Kepler-1772 b,7.68
Kepler-1773 b,12.1
Kepler-1774 b,10.2
Kepler-1775 b,12.9
Kepler-1776 b,7.33
Kepler-1777 b,5.19
Kepler-1778 b,9.36
Kepler-1779 b,9.44
Kepler-178 b,8.75
Kepler-178 c,8.65
Kepler-178 d,14.8
Kepler-1780 b,12.7
Kepler-1781 b,6.26
Kepler-1782 b,5.6
Kepler-1783 b,2.3
Kepler-1784 b,8.24
Kepler-1785 b,7.77
Kepler-1786 b,10.1
Kepler-1787 b,5.99
Kepler-1788 b,6.25
Kepler-1789 b,8.4
Kepler-179 b,3.33
Kepler-179 c,4.66
Kepler-1790 b,10
Kepler-1791 b,9.91
Kepler-1792 b,6.89
Kepler-1793 b,13.8
Kepler-1794 b,3.87
Kepler-1795 b,3.4
Kepler-1796 b,8
Kepler-1797 b,9.58
Kepler-1798 b,5.94
Kepler-1799 b,15.9
Kepler-180 b,2.86
Kepler-180 c,9.32
Kepler-1800 b,0.961
Kepler-1801 b,7.8
Kepler-1801 c,8.8
Kepler-1802 b,3.43
Kepler-1802 c,6
Kepler-1804 b,3.18
Kepler-1805 b,3
Kepler-1806 b,6.15
Kepler-1807 b,7.77
Kepler-1808 b,9.4
Kepler-1809 b,2.9
Kepler-181 b,2.15
Kepler-181 c,4.62
Kepler-1810 b,14.6
Kepler-1811 b,14.1
Kepler-1812 b,6.01
Kepler-1813 b,2.58
Kepler-1814 b,6.21
Kepler-1814 c,3.75
Kepler-1815 b,7.99
Kepler-1816 b,4.53
Kepler-1817 b,5.79
Kepler-1818 b,3.58
Kepler-1819 b,14.5
Kepler-182 b,7.18
Kepler-182 c,11.6
Kepler-1820 b,9.9
Kepler-1821 b,7.24
Kepler-1822 b,7.5
Kepler-1823 b,5
Kepler-1824 b,6.26
Kepler-1825 b,2.61
Kepler-1826 b,2.78
Kepler-1827 b,4.1
Kepler-1828 b,5.13
Kepler-1829 b,6.71
Kepler-183 b,4.9
Kepler-1830 b,11.1
Kepler-1831 b,4.54
Kepler-1832 b,2.02
Kepler-1833 b,2.24
Kepler-1834 b,2.73
Kepler-1834 c,1.98
Kepler-1835 b,12.2
Kepler-1836 b,7.05
Kepler-1837 b,4.92
Kepler-1838 b,3.4
Kepler-1839 b,4.46
Kepler-184 b,6.17
Kepler-184 d,6.76
Kepler-1840 b,8.13
Kepler-1841 b,2.82
Kepler-1842 b,6.14
Kepler-1843 b,7.8
Kepler-1844 b,9.46
Kepler-1845 b,6.52
Kepler-1846 b,3.76
Kepler-1847 b,7.97
Kepler-1848 b,2.57
Kepler-1849 b,6.29
Kepler-185 b,1.71
Kepler-185 c,4.74
Kepler-1850 b,0.313
Kepler-1851 b,14.5
Kepler-1852 b,4.22
Kepler-1853 b,2.92
Kepler-1854 b,7.21
Kepler-1855 b,1.96
Kepler-1856 b,3.66
Kepler-1857 b,4.5
Kepler-1858 b,6.44
Kepler-1859 b,3.13
Kepler-1859 c,3.39
Kepler-186 b,1.24
Kepler-186 c,2.1
Kepler-186 d,2.54
Kepler-186 e,2.15
Kepler-186 f,1.71
Kepler-1860 b,1.55
Kepler-1861 b,5.5
Kepler-1862 b,5.49
Kepler-1863 b,5.74
Kepler-1864 b,0.353
Kepler-1865 b,3.11
Kepler-1866 b,4.99
Kepler-1867 b,1.65
Kepler-1868 b,10.1
Kepler-1869 b,1.46
Kepler-1869 c,0.33
Kepler-187 b,2.57
Kepler-187 c,7.61
Kepler-1870 b,5.07
Kepler-1871 b,6.44
Kepler-1872 b,6.28
Kepler-1873 b,3.28
Kepler-1874 b,5.52
Kepler-1875 b,10.5
Kepler-1877 b,0.179
Kepler-1878 b,8.86
Kepler-1879 b,4.92
Kepler-188 b,3.46
Kepler-188 c,10.3
Kepler-1880 b,5.13
Kepler-1881 b,9.17
Kepler-1882 b,2.81
Kepler-1883 b,10.6
Kepler-1884 b,3.95
Kepler-1885 b,2.89
Kepler-1886 b,7.18
Kepler-1887 b,8.88
Kepler-1888 b,2.32
Kepler-1889 b,8.98
Kepler-189 b,1.92
Kepler-1890 b,0.587
Kepler-1891 b,2.93
Kepler-1892 b,4.03
Kepler-1893 b,3.55
Kepler-1894 b,1.87
Kepler-1894 c,1.92
Kepler-1895 b,5.14
Kepler-1896 b,9.8
Kepler-1897 b,8.32
Kepler-1898 b,0.76
Kepler-1899 b,3.02
Kepler-190 b,3.05
Kepler-190 c,2.73
Kepler-1900 b,3.27
Kepler-1901 b,2.77
Kepler-1902 b,1.74
Kepler-1903 b,5.85
Kepler-1904 b,2.51
Kepler-1905 b,2.69
Kepler-1906 b,8.13
Kepler-1907 b,0.589
Kepler-1907 c,1.63
Kepler-1909 b,1.33
Kepler-191 b,2.36
Kepler-191 c,4.12
Kepler-191 d,5.82
Kepler-1910 b,1.78
Kepler-1911 b,1.01
Kepler-1912 b,2.41
Kepler-1913 b,2.92
Kepler-1914 b,8.97
Kepler-1915 b,10.4
Kepler-1916 b,7.35
Kepler-1917 b,4.23
Kepler-1918 b,5.89
Kepler-1919 b,7.38
Kepler-192 b,7.95
Kepler-192 c,8.2
Kepler-192 d,1.04
Kepler-1920 b,9.03
Kepler-1921 b,8.72
Kepler-1921 c,2.57
Kepler-1922 b,5.86
Kepler-1923 b,4.5
Kepler-1924 b,7.53
Kepler-1925 b,9.28
Kepler-1926 b,5.97
Kepler-1927 b,11.5
Kepler-1928 b,4.63
Kepler-1929 b,9.65
Kepler-193 b,6.3
Kepler-193 c,8
Kepler-1930 b,2.95
Kepler-1931 b,7.53
Kepler-1932 b,2.91
Kepler-1933 b,1.76
Kepler-1934 b,0.702
Kepler-1935 b,6.82
Kepler-1936 b,10.2
Kepler-1937 b,9.39
Kepler-1938 b,4
Kepler-1939 b,1.68
Kepler-194 b,2.89
Kepler-194 c,7.22
Kepler-194 d,6.35
Kepler-1940 b,3.01
Kepler-1941 b,7.51
Kepler-1942 b,5.13
Kepler-1943 b,3.02
Kepler-1944 b,8.05
Kepler-1945 b,2.21
Kepler-1946 b,6.75
Kepler-1947 b,1.01
Kepler-1948 b,1.09
Kepler-1949 b,5.56
Kepler-195 b,4.78
Kepler-195 c,3.02
Kepler-1950 b,2.95
Kepler-1951 b,6
Kepler-1952 b,2.07
Kepler-1953 b,2.2
Kepler-1954 b,3.9
Kepler-1955 b,1.69
Kepler-1956 b,1.32
Kepler-1957 b,0.79
Kepler-1958 b,4.86
Kepler-1959 b,1.57
Kepler-196 b,4.27
Kepler-196 c,5.65
Kepler-196 d,7.56
Kepler-1960 b,2.26
Kepler-1961 b,3.25
Kepler-1962 b,1.95
Kepler-1963 b,0.337
Kepler-1964 b,3.83
Kepler-1965 b,2.4
Kepler-1966 b,1.39
Kepler-1967 b,0.315
Kepler-1968 b,2.86
Kepler-1969 b,3.47
Kepler-197 b,1.04
Kepler-197 d,1.98
Kepler-197 e,0.693
Kepler-1977 b,3.39
Kepler-1978 b,7.61
Kepler-1979 b,79500
Kepler-198 b,8.35
Kepler-198 c,6.66
Kepler-198 d,2.96
Kepler-1980 b,5.52
Kepler-1981 b,62.5
Kepler-1982 b,0.381
Kepler-1983 b,6.04
Kepler-1984 b,37.3
Kepler-1985 b,5.77
Kepler-1986 b,4.23
Kepler-1987 b,2.04
Kepler-1987 c,2.33
Kepler-1987 d,7.56
Kepler-1987 e,4.35
Kepler-1988 b,2.96
Kepler-1989 b,19.3
Kepler-199 b,9.85
Kepler-199 c,10.6
Kepler-1990 b,10.7
Kepler-1990 c,0.904
Kepler-1991 b,2.76
Kepler-1991 c,7.13
Kepler-1992 b,0.693
Kepler-1993 b,16.1
Kepler-1994 b,0.087
Kepler-1995 b,16.9
Kepler-1996 b,5.73
Kepler-1996 c,8.3
Kepler-1997 b,5.82
Kepler-1998 b,0.156
Kepler-1999 b,10.8
Kepler-200 b,5.18
Kepler-200 c,3.15
Kepler-2000 b,7.9
Kepler-2000 c,3.09
Kepler-2001 b,1.12
Kepler-2001 c,3.97
Kepler-201 b,6.62
Kepler-201 c,8.5
Kepler-202 b,3.29
Kepler-202 c,4.08
Kepler-203 b,7.13
Kepler-204 b,6.94
Kepler-204 c,3.86
Kepler-205 b,2.89
Kepler-205 c,3.33
Kepler-206 b,1.87
Kepler-206 c,3.78
Kepler-206 d,1.81
Kepler-207 b,3.09
Kepler-207 c,2.86
Kepler-207 d,11
Kepler-208 b,3.29
Kepler-208 c,2.51
Kepler-208 d,1.87
Kepler-208 e,2.79
Kepler-209 b,5.73
Kepler-209 c,9.8
Kepler-210 b,8.96
Kepler-210 c,12.8
Kepler-211 b,2.13
Kepler-212 b,1.32
Kepler-212 c,7.95
Kepler-213 b,3.26
Kepler-213 c,6.08
Kepler-214 b,7.32
Kepler-214 c,5.18
Kepler-215 b,3.26
Kepler-215 c,3.78
Kepler-215 e,3.71
Kepler-216 b,6.12
Kepler-216 c,9.48
Kepler-217 b,5.6
Kepler-217 c,4.08
Kepler-217 d,2.3
Kepler-218 b,2.79
Kepler-218 c,10
Kepler-218 d,7.56
Kepler-219 b,9.01
Kepler-219 c,12.5
Kepler-220 b,0.457
Kepler-220 c,3.09
Kepler-220 d,0.904
Kepler-220 e,2.33
Kepler-221 b,3.57
Kepler-221 d,7.9
Kepler-221 e,7.41
Kepler-222 b,10.1
Kepler-222 c,19.4
Kepler-222 d,13.2
Kepler-224 b,2.51
Kepler-224 c,9.91
Kepler-224 d,5.9
Kepler-224 e,4.54
Kepler-225 b,1.87
Kepler-225 c,4.04
Kepler-226 d,1.98
Kepler-227 b,9.85
Kepler-227 c,9.48
Kepler-228 b,2.96
Kepler-228 c,7.75
Kepler-228 d,15.4
Kepler-229 b,5.48
Kepler-229 c,21.5
Kepler-229 d,14.2
Kepler-230 b,16.8
Kepler-230 c,4.82
Kepler-232 b,9.69
Kepler-232 c,14
Kepler-233 b,6.48
Kepler-233 c,7.8
Kepler-234 b,13.2
Kepler-234 c,12.1
Kepler-235 b,5.6
Kepler-235 c,2.18
Kepler-235 d,4.86
Kepler-235 e,5.56
Kepler-236 b,3.09
Kepler-236 c,4.66
Kepler-237 b,2.57
Kepler-237 c,4.98
Kepler-238 b,3.64
Kepler-238 c,6.3
Kepler-238 d,9.64
Kepler-239 b,6.04
Kepler-239 c,6.85
Kepler-24 d,3.43
Kepler-24 e,8.15
Kepler-240 b,2.45
Kepler-241 b,6.04
Kepler-241 c,7.13
Kepler-242 b,7.32
Kepler-242 c,4.66
Kepler-243 b,6.57
Kepler-243 c,4.62
Kepler-244 b,8.05
Kepler-244 c,4.86
Kepler-245 b,7.13
Kepler-245 e,3.71
Kepler-246 b,6.08
Kepler-246 c,2.86
Kepler-247 b,3.33
Kepler-247 c,15.7
Kepler-247 d,14.7
Kepler-248 b,9.38
Kepler-248 c,15.6
Kepler-249 b,1.32
Kepler-249 c,2.89
Kepler-249 d,3.09
Kepler-250 b,1.51
Kepler-250 c,5.82
Kepler-250 d,5.39
Kepler-251 b,2.33
Kepler-251 c,8.1
Kepler-251 d,8.1
Kepler-251 e,8.1
Kepler-252 b,2.04
Kepler-252 c,5.27
Kepler-253 b,3.29
Kepler-253 c,7.51
Kepler-253 d,10.2
Kepler-254 b,14.3
Kepler-254 d,6.8
Kepler-255 b,3.02
Kepler-255 c,9.22
Kepler-255 d,2.3
Kepler-256 b,3.15
Kepler-256 c,5.27
Kepler-256 d,6.71
Kepler-256 e,6.12
Kepler-257 b,7.32
Kepler-257 c,25.2
Kepler-257 d,21.7
Kepler-258 b,15.5
Kepler-258 c,12.7
Kepler-259 b,8.25
Kepler-259 c,7.75
Kepler-26 d,1.24
Kepler-26 e,6.39
Kepler-260 b,4.7
Kepler-260 c,3.68
Kepler-261 b,5.39
Kepler-261 c,4.66
Kepler-262 b,2.42
Kepler-262 c,3.33
Kepler-263 b,7.61
Kepler-263 c,6.66
Kepler-264 b,11.1
Kepler-264 c,8.4
Kepler-265 b,4.12
Kepler-265 c,7.41
Kepler-265 d,6.76
Kepler-265 e,7.22
Kepler-266 b,6.71
Kepler-266 c,14.4
Kepler-267 c,5.18
Kepler-267 d,5.77
Kepler-268 b,7.04
Kepler-268 c,11.4
Kepler-269 b,6.66
Kepler-269 c,3.5
Kepler-27 d,7.78
Kepler-270 b,4.7
Kepler-270 c,3.78
Kepler-271 b,2.04
Kepler-271 c,0.809
Kepler-271 d,0.219
Kepler-272 d,5.69
Kepler-273 b,2.86
Kepler-273 c,4.58
Kepler-274 b,2.99
Kepler-274 c,4.04
Kepler-275 b,6.08
Kepler-275 c,11.4
Kepler-275 d,11.1
Kepler-276 b,8.6
Kepler-278 b,15.6
Kepler-278 c,12.6
Kepler-279 b,12.8
Kepler-280 b,2.7
Kepler-280 c,4.7
Kepler-281 b,8.35
Kepler-281 c,24.4
Kepler-281 d,29.5
Kepler-282 b,1.01
Kepler-282 c,1.87
Kepler-283 b,5.18
Kepler-283 c,3.97
Kepler-284 b,5.65
Kepler-284 c,7.32
Kepler-285 b,2.36
Kepler-285 c,1.46
Kepler-286 b,2.07
Kepler-286 c,2.45
Kepler-286 d,2.33
Kepler-286 e,3.78
Kepler-287 b,6.04
Kepler-287 c,10.7
Kepler-288 b,3.43
Kepler-288 c,8.5
Kepler-288 d,7.61
Kepler-290 b,5.69
Kepler-290 c,7.75
Kepler-290 d,0.566
Kepler-291 b,5.31
Kepler-291 c,4.19
Kepler-292 b,2.3
Kepler-292 c,2.76
Kepler-292 d,5.6
Kepler-292 e,7.61
Kepler-292 f,6.12
Kepler-293 b,9.64
Kepler-293 c,14
Kepler-294 b,3.78
Kepler-294 c,7.8
Kepler-295 b,1.98
Kepler-295 c,1.71
Kepler-295 d,2.42
Kepler-296 b,3.22
Kepler-296 c,4.66
Kepler-296 d,5.02
Kepler-296 e,2.96
Kepler-296 f,3.89
Kepler-297 d,89700
Kepler-298 b,4.5
Kepler-298 c,4.38
Kepler-298 d,6.8
Kepler-299 b,2.3
Kepler-299 c,7.51
Kepler-299 d,4.12
Kepler-299 e,4.16
Kepler-300 b,3.43
Kepler-300 c,5.69
Kepler-301 b,2.39
Kepler-301 c,2.39
Kepler-301 d,3.71
Kepler-302 b,15.5
Kepler-303 b,0.64
Kepler-303 c,1.55
Kepler-304 b,8.55
Kepler-304 c,5.35
Kepler-304 d,8
Kepler-304 e,1.87
Kepler-305 e,3.87
Kepler-306 b,2.92
Kepler-306 c,6.12
Kepler-306 d,6.66
Kepler-306 e,5.77
Kepler-308 b,5.14
Kepler-308 c,5.31
Kepler-309 b,3.05
Kepler-309 c,6.85
Kepler-31 b,25.9
Kepler-310 b,1.81
Kepler-310 c,11.4
Kepler-311 b,3.53
Kepler-311 c,2.63
Kepler-311 d,4.86
Kepler-312 b,2.21
Kepler-312 c,10.1
Kepler-313 b,6.94
Kepler-313 c,7.13
Kepler-314 b,0.498
Kepler-314 c,8.75
Kepler-315 b,13.7
Kepler-315 c,16.1
Kepler-316 b,1.2
Kepler-316 c,1.65
Kepler-317 c,3.61
Kepler-318 b,19.9
Kepler-318 c,13.1
Kepler-319 b,3.29
Kepler-319 c,7.41
Kepler-319 d,5.86
Kepler-32 d,7.75
Kepler-32 e,2.86
Kepler-32 f,0.477
Kepler-320 b,1.55
Kepler-320 c,2.45
Kepler-321 b,3.78
Kepler-321 c,5.99
Kepler-322 b,1.01
Kepler-322 c,3.43
Kepler-324 b,1.55
Kepler-324 c,10.1
Kepler-324 e,4.81
Kepler-325 b,8.8
Kepler-325 c,6.99
Kepler-325 d,8.2
Kepler-327 b,1.41
Kepler-327 d,3.64
Kepler-329 b,2.54
Kepler-329 c,4.38
Kepler-33 b,3.68
Kepler-330 b,2.39
Kepler-330 c,4.46
Kepler-331 b,3.97
Kepler-331 c,4.04
Kepler-331 d,3.33
Kepler-332 b,1.71
Kepler-332 c,1.32
Kepler-332 d,1.76
Kepler-333 c,1.41
Kepler-334 b,1.46
Kepler-334 c,2.63
Kepler-334 d,2.57
Kepler-335 b,11.4
Kepler-335 c,9.64
Kepler-336 b,1.04
Kepler-336 c,5.06
Kepler-336 d,6.21
Kepler-337 b,2.99
Kepler-337 c,4.86
Kepler-338 c,6.08
Kepler-338 d,9.27
Kepler-339 b,2.6
Kepler-340 b,6.94
Kepler-340 c,11.3
Kepler-341 b,1.76
Kepler-341 c,3.53
Kepler-341 d,4.08
Kepler-341 e,4.62
Kepler-342 b,5.69
Kepler-342 c,4.5
Kepler-342 d,6.76
Kepler-342 e,0.615
Kepler-343 b,6.39
Kepler-343 c,4.74
Kepler-344 b,7.32
Kepler-344 c,9.01
Kepler-346 b,7.56
Kepler-346 c,9.64
Kepler-347 b,4.54
Kepler-347 c,3.71
Kepler-347 d,9.48
Kepler-348 b,2.92
Kepler-348 c,2.33
Kepler-349 c,4.5
Kepler-350 b,4.08
Kepler-351 d,7.85
Kepler-352 b,0.566
Kepler-352 c,2.07
Kepler-352 d,0.449
Kepler-353 b,0.64
Kepler-353 c,2.48
Kepler-354 b,4.04
Kepler-354 c,2.27
Kepler-354 d,2.07
Kepler-355 b,2.73
Kepler-355 c,7.8
Kepler-356 b,3.09
Kepler-356 c,3.93
Kepler-357 b,4.04
Kepler-357 c,7.61
Kepler-357 d,11.6
Kepler-358 b,7.85
Kepler-358 c,8.5
Kepler-359 b,12.2
Kepler-360 b,3.36
Kepler-360 c,5.06
Kepler-361 b,2.7
Kepler-361 c,6.9
Kepler-362 b,0.615
Kepler-362 c,2.7
Kepler-363 b,1.65
Kepler-363 d,4.86
Kepler-364 b,3.02
Kepler-364 c,5.27
Kepler-365 b,4.82
Kepler-365 c,3.33
Kepler-366 b,2.73
Kepler-366 c,3.86
Kepler-367 b,2.24
Kepler-367 c,1.87
Kepler-368 b,10.7
Kepler-368 c,14.3
Kepler-369 b,1.51
Kepler-369 c,2.57
Kepler-370 b,3.15
Kepler-370 c,4.31
Kepler-371 b,4.23
Kepler-371 c,3.82
Kepler-372 b,2.42
Kepler-372 c,5.02
Kepler-372 d,3.5
Kepler-373 b,2.42
Kepler-373 c,2.07
Kepler-374 b,1.08
Kepler-374 c,1.37
Kepler-374 d,2.27
Kepler-375 b,2.7
Kepler-375 c,7.51
Kepler-376 b,1.24
Kepler-376 c,3.86
Kepler-377 b,2.51
Kepler-377 c,4.9
Kepler-378 b,0.347
Kepler-378 c,0.271
Kepler-379 b,3.39
Kepler-379 c,5.86
Kepler-380 b,1.81
Kepler-380 c,2.15
Kepler-381 b,0.937
Kepler-381 c,1.46
Kepler-381 d,1.23
Kepler-382 b,2.3
Kepler-382 c,3.15
Kepler-383 b,2.3
Kepler-383 c,2.07
Kepler-384 b,1.46
Kepler-384 c,1.51
Kepler-385 d,7.36
Kepler-386 b,2.51
Kepler-386 c,3.12
Kepler-387 b,1.08
Kepler-387 c,0.64
Kepler-388 b,0.457
Kepler-388 c,0.566
Kepler-389 b,2.89
Kepler-389 c,2.73
Kepler-390 b,0.477
Kepler-390 c,0.418
Kepler-391 b,10.3
Kepler-391 c,12.3
Kepler-392 b,0.972
Kepler-392 c,1.37
Kepler-393 b,2.21
Kepler-393 c,2.33
Kepler-394 b,3.19
Kepler-394 c,3.39
Kepler-394 d,2.86
Kepler-395 b,1.08
Kepler-395 c,2.3
Kepler-397 b,6.62
Kepler-397 c,31.6
Kepler-398 b,0.749
Kepler-398 c,1.01
Kepler-398 d,0.615
Kepler-399 b,0.84
Kepler-399 c,2.63
Kepler-399 d,4.23
Kepler-400 b,3.36
Kepler-400 c,2.83
Kepler-401 b,3.57
Kepler-401 c,5.27
Kepler-401 d,5.77
Kepler-402 b,1.98
Kepler-402 c,3.05
Kepler-402 d,2.48
Kepler-402 e,2.73
Kepler-403 b,2.1
Kepler-403 c,3.71
Kepler-403 d,2.6
Kepler-404 b,2.15
Kepler-404 c,3.61
Kepler-405 b,4.98
Kepler-405 c,19.6
Kepler-410 A b,8.44
Kepler-416 d,3.22
Kepler-418 c,23.7
Kepler-42 b,0.399
Kepler-42 c,0.315
Kepler-42 d,0.13
Kepler-421 b,16.1
Kepler-430 b,10.6
Kepler-430 c,3.71
Kepler-431 b,0.37
Kepler-431 c,0.229
Kepler-431 d,1.41
Kepler-436 b,7.9
Kepler-436 c,6.04
Kepler-437 b,5.22
Kepler-438 b,1.46
Kepler-439 b,5.65
Kepler-440 b,4.12
Kepler-441 b,3.33
Kepler-442 b,2.36
Kepler-443 b,6.04
Kepler-444 b,0.0374
Kepler-444 c,0.0793
Kepler-444 f,0.332
Kepler-449 b,4.88
Kepler-449 c,8.07
Kepler-452 b,3.29
Kepler-457 d,9.19
Kepler-458 c,16.4
Kepler-46 d,3.33
Kepler-460 c,26.1
Kepler-461 b,7.18
Kepler-463 b,9.53
Kepler-464 b,10.9
Kepler-465 b,9.01
Kepler-466 b,8.5
Kepler-466 c,2.1
Kepler-467 b,5.69
Kepler-470 b,35600
Kepler-471 b,37000
Kepler-472 b,10.5
Kepler-473 b,15.6
Kepler-474 b,9.59
Kepler-475 b,6.76
Kepler-476 b,9.69
Kepler-477 b,4.94
Kepler-478 b,7.8
Kepler-479 b,5.14
Kepler-480 b,8.15
Kepler-481 b,6.8
Kepler-482 b,6.17
Kepler-483 b,10.4
Kepler-484 b,5.82
Kepler-485 b,35500
Kepler-487 c,7.65
Kepler-487 d,8.12
Kepler-488 b,39400
Kepler-489 b,46.1
Kepler-49 d,3.19
Kepler-49 e,3.05
Kepler-491 b,59
Kepler-493 b,37500
Kepler-494 b,40.4
Kepler-495 b,23.8
Kepler-495 c,1.98
Kepler-496 b,5.99
Kepler-497 b,30.4
Kepler-498 b,9.43
Kepler-499 b,5.35
Kepler-500 b,7.18
Kepler-501 b,17.1
Kepler-501 c,3.47
Kepler-502 b,20.4
Kepler-504 b,3.15
Kepler-505 b,7.27
Kepler-506 b,7.9
Kepler-507 b,2.24
Kepler-508 b,3.33
Kepler-509 b,6.76
Kepler-510 b,6.66
Kepler-511 b,33.1
Kepler-511 c,16.5
Kepler-512 b,7.7
Kepler-513 b,5.48
Kepler-514 b,3.61
Kepler-515 b,2.73
Kepler-516 b,27.9
Kepler-517 b,7.61
Kepler-518 b,5.1
Kepler-519 b,5.06
Kepler-52 d,4.46
Kepler-520 b,3.39
Kepler-520 c,1.24
Kepler-521 b,10.2
Kepler-522 b,38.2
Kepler-523 b,4.5
Kepler-524 b,4.31
Kepler-524 c,0.84
Kepler-525 b,7.41
Kepler-526 b,4.62
Kepler-527 b,8.45
Kepler-528 b,4.98
Kepler-529 b,4.12
Kepler-529 c,4.66
Kepler-529 d,8.22
Kepler-53 d,5.14
Kepler-530 b,9.32
Kepler-531 b,8.15
Kepler-532 b,7.13
Kepler-533 b,11.4
Kepler-534 b,5.65
Kepler-534 c,2.02
Kepler-535 b,6.17
Kepler-536 b,9.8
Kepler-537 b,2.57
Kepler-54 d,2.96
Kepler-540 b,7.8
Kepler-541 b,11.2
Kepler-542 b,3.09
Kepler-543 b,6.8
Kepler-544 b,5.14
Kepler-545 b,7.7
Kepler-546 b,39.1
Kepler-547 b,15.1
Kepler-549 c,8.91
Kepler-549 d,16.4
Kepler-55 d,3.15
Kepler-55 e,3.02
Kepler-55 f,3.15
Kepler-550 b,17.9
Kepler-551 b,7.9
Kepler-552 b,14.8
Kepler-553 b,19.4
Kepler-554 b,17
Kepler-555 b,8.4
Kepler-556 b,5.65
Kepler-557 b,7.61
Kepler-558 b,6.21
Kepler-559 b,12.7
Kepler-560 b,3.61
Kepler-561 b,38.7
Kepler-561 c,7.65
Kepler-562 b,23.7
Kepler-563 b,9.75
Kepler-564 b,19.4
Kepler-565 b,12.9
Kepler-566 b,5.27
Kepler-567 b,5.69
Kepler-568 b,5.73
Kepler-569 b,10.1
Kepler-570 b,6.57
Kepler-571 b,7.46
Kepler-572 b,7.18
Kepler-573 b,8.2
Kepler-574 b,6.3
Kepler-575 b,6.3
Kepler-576 b,10.7
Kepler-577 b,7.04
Kepler-578 b,4.66
Kepler-579 b,4.66
Kepler-58 d,8.96
Kepler-58 e,3.22
Kepler-580 b,7.13
Kepler-581 b,7.41
Kepler-582 b,13.1
Kepler-583 b,5.82
Kepler-584 b,16.5
Kepler-585 b,8.4
Kepler-586 b,8.2
Kepler-587 b,5.6
Kepler-588 b,7.41
Kepler-589 b,5.77
Kepler-589 c,1.45
Kepler-59 b,1.37
Kepler-59 c,4.58
Kepler-590 b,15.2
Kepler-591 b,11.4
Kepler-592 b,6.3
Kepler-593 b,8.6
Kepler-594 b,5.39
Kepler-596 b,11.8
Kepler-597 b,6.21
Kepler-598 b,2.86
Kepler-598 c,9.4
Kepler-599 b,8.45
Kepler-600 b,8.75
Kepler-601 b,4.27
Kepler-602 b,5.02
Kepler-603 b,7.51
Kepler-603 c,34.5
Kepler-603 d,2.3
Kepler-604 b,7.22
Kepler-605 b,2.67
Kepler-605 c,0.566
Kepler-606 b,11
Kepler-607 b,0.59
Kepler-607 c,8.05
Kepler-608 b,12.9
Kepler-609 b,11.2
Kepler-61 b,5.27
Kepler-610 b,16.3
Kepler-610 c,10.9
Kepler-611 b,3.36
Kepler-612 b,8.45
Kepler-613 b,5.86
Kepler-614 b,6.3
Kepler-615 b,3.68
Kepler-616 b,6.48
Kepler-616 c,11.5
Kepler-616 d,7.52
Kepler-617 b,2.3
Kepler-618 b,7.27
Kepler-618 d,16.2
Kepler-619 b,10.1
Kepler-619 c,3.5
Kepler-620 b,11
Kepler-621 b,5.9
Kepler-622 b,5.18
Kepler-623 b,9.32
Kepler-624 b,5.95
Kepler-625 b,4.62
Kepler-625 c,1.16
Kepler-626 b,5.86
Kepler-627 b,13.4
Kepler-628 b,53.2
Kepler-629 b,2.48
Kepler-630 b,10.2
Kepler-631 b,8.75
Kepler-632 b,5.52
Kepler-633 b,3.29
Kepler-633 c,5.89
Kepler-634 b,4.23
Kepler-635 b,7.46
Kepler-636 b,18.1
Kepler-637 b,20.2
Kepler-638 b,4.01
Kepler-639 b,6.26
Kepler-640 b,7.08
Kepler-641 b,4.08
Kepler-642 b,8.75
Kepler-644 b,10.1
Kepler-645 b,5.06
Kepler-646 b,4.62
Kepler-647 b,1.71
Kepler-647 c,15.1
Kepler-648 b,10.5
Kepler-649 b,5.73
Kepler-650 b,9.06
Kepler-651 b,6.21
Kepler-652 b,6.76
Kepler-653 b,4.46
Kepler-653 c,0.399
Kepler-654 b,4.94
Kepler-655 b,7.8
Kepler-656 b,9.91
Kepler-656 c,2.57
Kepler-657 b,12.2
Kepler-658 b,3.29
Kepler-659 b,6.8
Kepler-66 b,8.25
Kepler-660 b,7.13
Kepler-661 b,9.64
Kepler-662 b,5.39
Kepler-663 b,7.27
Kepler-664 b,7.56
Kepler-665 b,7.27
Kepler-666 b,6.35
Kepler-667 b,20.1
Kepler-668 b,7.75
Kepler-669 b,20.8
Kepler-67 b,8.96
Kepler-671 b,7.7
Kepler-672 b,6.8
Kepler-673 b,34.8
Kepler-674 b,3.5
Kepler-675 b,6.53
Kepler-676 b,9.48
Kepler-677 b,25
Kepler-678 b,23.1
Kepler-679 b,9.32
Kepler-680 b,6.44
Kepler-681 b,9.69
Kepler-682 b,42.6
Kepler-683 b,4.54
Kepler-684 b,11.2
Kepler-685 b,78.8
Kepler-687 b,12.2
Kepler-688 b,68.7
Kepler-689 b,8.7
Kepler-69 b,5.65
Kepler-69 c,3.57
Kepler-690 b,29.6
Kepler-691 b,5.02
Kepler-692 b,9.85
Kepler-693 b,73.8
Kepler-694 b,8.25
Kepler-695 b,62.3
Kepler-696 b,31.3
Kepler-697 b,16
Kepler-698 b,13.1
Kepler-700 b,30
Kepler-701 b,8.45
Kepler-702 b,61.8
Kepler-703 b,51.1
Kepler-704 b,7.32
Kepler-705 b,5.1
Kepler-707 b,2.33
Kepler-708 b,8.91
Kepler-709 b,8.85
Kepler-710 b,4.19
Kepler-711 b,11.5
Kepler-712 b,11.5
Kepler-712 c,21
Kepler-713 b,6.71
Kepler-714 b,67.6
Kepler-715 b,13.5
Kepler-716 b,8.75
Kepler-716 c,2.52
Kepler-717 b,6.44
Kepler-718 b,41600
Kepler-719 b,54.5
Kepler-720 b,53.4
Kepler-721 b,7.46
Kepler-722 b,7.41
Kepler-722 c,8.35
Kepler-724 b,10.8
Kepler-725 b,79.4
Kepler-726 b,10.7
Kepler-727 b,6.94
Kepler-728 b,11.1
Kepler-729 b,12.5
Kepler-730 c,3.09
Kepler-732 b,5.39
Kepler-732 c,2.15
Kepler-733 b,8.35
Kepler-734 b,12.4
Kepler-735 b,9.01
Kepler-736 b,8.91
Kepler-737 b,4.5
Kepler-738 b,6.8
Kepler-739 b,11
Kepler-740 b,18.9
Kepler-741 b,9.11
Kepler-742 b,10.6
Kepler-743 b,1.92
Kepler-744 b,3.26
Kepler-745 b,5.31
Kepler-746 b,1.41
Kepler-747 b,24.1
Kepler-748 b,6.9
Kepler-749 b,9.8
Kepler-750 b,9.64
Kepler-750 c,3.26
Kepler-751 b,6.62
Kepler-752 b,8.3
Kepler-753 b,4.31
Kepler-754 b,4.7
Kepler-755 b,3.75
Kepler-755 c,2.13
Kepler-756 b,1.46
Kepler-757 b,2.42
Kepler-758 b,6.71
Kepler-758 c,3.5
Kepler-758 d,5.14
Kepler-758 e,2.96
Kepler-759 b,5.77
Kepler-760 b,9.59
Kepler-760 c,2.79
Kepler-761 b,4.78
Kepler-763 b,1.98
Kepler-763 c,2.6
Kepler-763 d,3.43
Kepler-764 b,3.33
Kepler-765 b,6.48
Kepler-766 b,11.4
Kepler-767 b,35.7
Kepler-768 b,3.86
Kepler-769 b,8.85
Kepler-769 c,3.86
Kepler-770 b,5.9
Kepler-770 c,1.87
Kepler-770 d,2.54
Kepler-771 b,3.97
Kepler-772 b,3.97
Kepler-773 b,2.63
Kepler-774 b,10.2
Kepler-775 b,1.81
Kepler-776 b,2.18
Kepler-777 b,2.76
Kepler-778 b,3.46
Kepler-779 b,0.721
Kepler-780 b,0.64
Kepler-781 b,8.7
Kepler-782 b,10.4
Kepler-783 b,0.399
Kepler-783 c,6.04
Kepler-784 b,3.12
Kepler-784 c,3.02
Kepler-786 b,6.48
Kepler-787 b,2.18
Kepler-788 b,7.04
Kepler-789 b,5.14
Kepler-790 b,5.39
Kepler-791 b,9.53
Kepler-792 b,4.5
Kepler-793 b,2.45
Kepler-794 b,5.1
Kepler-795 b,3.46
Kepler-796 b,2.24
Kepler-797 b,5.35
Kepler-798 b,6.3
Kepler-799 b,37.9
Kepler-799 c,8.15
Kepler-80 f,1.92
Kepler-80 g,1.51
Kepler-800 b,8.5
Kepler-801 b,4.66
Kepler-802 b,12.3
Kepler-803 b,13.8
Kepler-804 b,4.42
Kepler-804 c,1.55
Kepler-805 b,8.7
Kepler-806 b,1.55
Kepler-807 b,76.8
Kepler-808 b,2.73
Kepler-809 b,9.32
Kepler-81 d,1.92
Kepler-810 b,4.38
Kepler-811 b,7.75
Kepler-812 b,12.3
Kepler-813 b,5.22
Kepler-814 b,5.14
Kepler-815 b,15.8
Kepler-816 b,74.5
Kepler-817 b,60.2
Kepler-818 b,22.9
Kepler-819 b,8.05
Kepler-82 d,3.78
Kepler-82 e,6.66
Kepler-820 b,30.8
Kepler-821 b,2.27
Kepler-822 b,3.78
Kepler-823 b,3.09
Kepler-824 b,4.16
Kepler-825 b,2.96
Kepler-825 c,4.04
Kepler-826 b,2.1
Kepler-827 b,27
Kepler-828 b,2.89
Kepler-829 b,5.1
Kepler-830 b,3.53
Kepler-831 b,2.15
Kepler-832 b,4.9
Kepler-833 b,4.74
Kepler-834 b,4.74
Kepler-835 b,8.2
Kepler-836 b,7.9
Kepler-837 b,7.08
Kepler-838 b,7.9
Kepler-839 b,7.13
Kepler-84 d,2.48
Kepler-84 e,7.27
Kepler-84 f,5.48
Kepler-841 b,23.8
Kepler-842 b,3.19
Kepler-843 b,7.22
Kepler-844 b,3.46
Kepler-845 b,4.82
Kepler-846 b,6.71
Kepler-847 b,1.76
Kepler-848 b,3.53
Kepler-849 b,40.4
Kepler-85 b,4.54
Kepler-85 d,1.87
Kepler-850 b,3.82
Kepler-851 b,3.46
Kepler-852 b,6.99
Kepler-853 b,3.5
Kepler-855 b,52.7
Kepler-856 b,63.3
Kepler-857 b,37.2
Kepler-858 b,21.1
Kepler-859 b,9.75
Kepler-860 b,10.6
Kepler-861 b,5.82
Kepler-862 b,5.52
Kepler-863 b,8.75
Kepler-864 b,6.35
Kepler-864 c,3.26
Kepler-865 b,6.76
Kepler-865 c,0.64
Kepler-866 b,3.29
Kepler-867 b,19.4
Kepler-868 b,4.86
Kepler-869 b,12.7
Kepler-870 b,8.15
Kepler-871 b,13.5
Kepler-872 b,4.62
Kepler-873 b,13.5
Kepler-874 b,14.7
Kepler-875 b,8.75
Kepler-876 b,2.63
Kepler-877 b,5.14
Kepler-878 b,4.38
Kepler-879 b,7.13
Kepler-880 b,7.56
Kepler-880 c,8.6
Kepler-881 b,3.82
Kepler-882 b,2.04
Kepler-883 b,3.82
Kepler-884 b,2.04
Kepler-885 b,6.8
Kepler-886 b,2.92
Kepler-887 b,4.04
Kepler-887 c,1.51
Kepler-888 b,3.75
Kepler-889 b,1.32
Kepler-890 b,58.6
Kepler-891 b,33.6
Kepler-892 b,8.3
Kepler-893 b,9.43
Kepler-894 b,8.15
Kepler-895 b,2.99
Kepler-896 b,6.94
Kepler-896 c,10.1
Kepler-897 b,6.3
Kepler-898 b,2.83
Kepler-899 b,7.65
Kepler-90 i,2.3
Kepler-900 b,4.98
Kepler-901 b,2.45
Kepler-902 b,6.99
Kepler-903 b,4.7
Kepler-903 c,6.94
Kepler-904 b,3.78
Kepler-905 b,2.57
Kepler-906 b,5.1
Kepler-907 b,1.87
Kepler-908 b,1.98
Kepler-909 b,2.76
Kepler-910 b,0.477
Kepler-911 b,7.27
Kepler-912 b,8.25
Kepler-913 b,4.9
Kepler-913 c,14.2
Kepler-914 b,2.48
Kepler-915 b,2.86
Kepler-916 b,3.75
Kepler-917 b,4.31
Kepler-918 b,3.68
Kepler-919 b,5.69
Kepler-92 d,4.93
Kepler-920 b,6.44
Kepler-920 c,13.8
Kepler-921 b,8.6
Kepler-922 b,2.6
Kepler-923 b,2.48
Kepler-924 b,9.64
Kepler-925 b,6.08
Kepler-926 b,5.95
Kepler-927 b,3.61
Kepler-928 b,3.15
Kepler-929 b,1.41
Kepler-930 b,5.18
Kepler-931 b,2.33
Kepler-932 b,2.45
Kepler-933 b,6.62
Kepler-934 b,5.02
Kepler-935 b,2.39
Kepler-936 b,2.7
Kepler-937 b,13.4
Kepler-937 c,7.61
Kepler-938 b,5.56
Kepler-939 b,3.71
Kepler-940 b,11.1
Kepler-941 b,9.69
Kepler-942 b,5.18
Kepler-943 b,29.5
Kepler-944 b,7.41
Kepler-945 b,7.41
Kepler-946 b,4.38
Kepler-947 b,5.82
Kepler-948 b,4.08
Kepler-949 b,8.8
Kepler-949 c,9.11
Kepler-950 b,59.6
Kepler-951 b,26.7
Kepler-952 b,45.4
Kepler-953 b,16.5
Kepler-953 c,1.81
Kepler-954 b,5.99
Kepler-955 b,9.96
Kepler-956 b,9.27
Kepler-957 b,25.9
Kepler-958 b,4.9
Kepler-959 b,17.6
Kepler-960 b,5.86
Kepler-961 b,7.04
Kepler-962 b,4.54
Kepler-963 b,7.56
Kepler-964 b,5.14
Kepler-965 b,11.4
Kepler-966 b,16
Kepler-967 b,6.12
Kepler-967 c,12.9
Kepler-968 b,4.66
Kepler-968 c,3.5
Kepler-969 b,4.94
Kepler-969 c,0.937
Kepler-970 b,7.31
Kepler-971 b,5.18
Kepler-972 b,19.5
Kepler-973 b,4.5
Kepler-974 b,3.09
Kepler-975 b,2.79
Kepler-975 c,80.2
Kepler-976 b,14.9
Kepler-977 b,7.37
Kepler-978 b,9.22
Kepler-979 b,7.85
Kepler-980 b,7.61
Kepler-981 b,5.95
Kepler-982 b,5.69
Kepler-983 b,6.17
Kepler-984 b,5.14
Kepler-985 b,9.17
Kepler-986 b,6.17
Kepler-987 b,10.7
Kepler-988 b,4.94
Kepler-989 b,5.52
Kepler-990 b,7.27
Kepler-990 c,2.96
Kepler-991 b,6.99
Kepler-992 b,3.26
Kepler-993 b,9.11
Kepler-994 b,3.19
Kepler-995 b,7.75
Kepler-996 b,4.58
Kepler-997 b,2.42
Kepler-998 b,5.99
Kepler-999 b,6.08
LHS 3844 b,2.25
LHS 475 b,0.941
LP 791-18 b,1.94
TOI-1130 b,12.9
TOI-1136 b,4.27
TOI-1136 c,8.64
TOI-1136 d,19.3
TOI-1136 e,7.46
TOI-1136 f,14.3
TOI-1136 g,6.94
TOI-122 b,7.85
TOI-1227 b,66.5
TOI-139 b,6.6
TOI-1411 b,2.42
TOI-1442 b,1.71
TOI-1680 b,2.75
TOI-1693 b,2.57
TOI-1859 b,68.6
TOI-1860 b,2.27
TOI-198 b,2.67
TOI-2048 b,7.32
TOI-206 b,2.24
TOI-2076 b,6.89
TOI-2076 c,12
TOI-2076 d,10.5
TOI-2081 b,4.82
TOI-2084 b,6.66
TOI-2096 b,2.08
TOI-2096 c,4.32
TOI-2194 b,4.61
TOI-2257 b,5.45
TOI-2260 b,3.26
TOI-237 b,2.67
TOI-2406 b,8.96
TOI-2411 b,3.46
TOI-2427 b,3.89
TOI-2443 b,8.11
TOI-2445 b,2.1
TOI-2459 b,9.03
TOI-2545 b,8
TOI-262 b,4.94
TOI-277 b,7.51
TOI-3082 b,13
TOI-4184 b,6.48
TOI-4308 b,6.43
TOI-4342 b,5.76
TOI-4342 c,6.41
TOI-444 b,8.1
TOI-4479 b,8.35
TOI-451 b,4.31
TOI-451 c,9.8
TOI-451 d,15.6
TOI-470 b,17.4
TOI-5174 b,24.8
TOI-5238 b,23.7
TOI-540 b,0.674
TOI-544 b,4.78
TOI-5704 b,10.5
TOI-5803 b,10.7
TOI-620 b,13.6
TOI-672 b,24.1
TOI-700 b,0.704
TOI-700 c,7.27
TOI-700 d,1.25
TOI-700 e,0.818
TOI-715 b,3.02
TOI-813 b,36.4
TOI-833 b,2.15
TOI-913 b,6.59
